{
    "RoomSizeData": {
        "X_Size_Value": 723.0,
        "Y_Size_Value": 253.5335235595703
    },
    "ScaleSizeData": {
        "Epsilon": 30.0,
        "Min_Point": 2.0
    },
    "OSCSettings": [
        {
            "OSC_IP_Address": "127.0.0.1",
            "OSC_Port": 7000
        },
        {
            "OSC_IP_Address": "192.168.0.111",
            "OSC_Port": 7000
        }
    ],
    "SensorSettingModels": [
        {
            "Hokuyo_IP_Address": "192.168.0.40",
            "Zoom_IN_OUT": 9.351456642150879,
            "X_Position": -355.0,
            "Y_Position": 111.0,
            "Rotate_Camera_Value": 90.5,
            "X_Flip": false,
            "Y_Flip": true
        }
    ],
    "NeglectAreas": [
        {
            "X_Position_Value": -21.85860824584961,
            "Y_Position_Value": 98.3642578125,
            "X_Size_Value": 126.4342269897461,
            "Y_Size_Value": 68.21676635742188
        },
        {
            "X_Position_Value": 295.0917053222656,
            "Y_Position_Value": -98.3642578125,
            "X_Size_Value": 133.711669921875,
            "Y_Size_Value": 60.93932342529297
        }
    ],
    "OSC_Message_Address": "Down",
    "Max_SendSignal": 30
}