{
    "RoomSizeData": {
        "X_Size_Value": 725.9993896484375,
        "Y_Size_Value": 304.7644348144531
    },
    "ScaleSizeData": {
        "Epsilon": 30.0,
        "Min_Point": 2.0
    },
    "OSCSetting": {
        "OSC_IP_Address": "127.0.0.1",
        "OSC_Port": 7000,
        "OSC_Message_Address": "Down"
    },
    "SensorSettingModels": [
        {
            "Hokuyo_IP_Address": "192.168.0.40",
            "Zoom_IN_OUT": 11.60108757019043,
            "X_Position": -370.4312438964844,
            "Y_Position": 146.09356689453126,
            "Rotate_Camera_Value": 88.5,
            "X_Flip": false,
            "Y_Flip": true
        }
    ],
    "NeglectAreas": [
        {
            "X_Position_Value": 0.0,
            "Y_Position_Value": 122.28727722167969,
            "X_Size_Value": 58.51351547241211,
            "Y_Size_Value": 58.51490783691406
        },
        {
            "X_Position_Value": 81.97059631347656,
            "Y_Position_Value": 127.50942993164063,
            "X_Size_Value": 63.4887580871582,
            "Y_Size_Value": 52.44967269897461
        }
    ]
}